recordNumber ,scientificName,commonName,taxonID,superFamily,family,subFamily,tribe,subTribe,genus
1,Micronia aculeata,Grey Swallowtail Moth,145630,Geometroidea,Uraniidae,Microniinae,,,Micronia
2,Nepita conferta,,143776,Noctuoidea,Erebidae,Arctiinae,Lithosiini,Nudariina,Nepita
3,Dysphania percota,Blue Tiger Moth,319698,Geometroidea,Geometridae,Geometrinae,Dysphaniini,,Dysphania
4,Spoladea recurvalis,Hawaiian Beet Webworm Moth,52043,Pyraloidea,Crambidae,Spilomelinae,Hymeniini,,Spoladea
5,Syntomoides imaon,Handmaiden Moth,122956,Noctuoidea,Erebidae,Arctiinae,Syntomini,,Syntomoides
6,Euchromia polymena,Painted Handmaiden Moth,52090,Noctuoidea,Erebidae,Arctiinae,Arctiini,Euchromiina,Euchromia
7,Erebus hieroglyphica,Tropical Owl,203994,Noctuoidea,Erebidae,Erebinae,Erebini,,Erebus
8,Erebus ephesperis,Smiling Face Moth,122957,Noctuoidea,Erebidae,Erebinae,Erebini,,Erebus
9,Amata passalis,sandalwood defoliator,332480,Noctuoidea,Erebidae,Arctiinae,Syntomini,,Amata
10,Eurrhyparodes bracteolalis,Yellow Blotched Pearl Moth,199439,Pyraloidea,Crambidae,Spilomelinae,Herpetogrammatini,,Eurrhyparodes
11,Eumelea ludovicata,Orpiment Moth,199156,Geometroidea,Geometridae,Desmobathrinae,,,Eumelea
12,Asota caricae,Tropical Tiger Moth,52086,Noctuoidea,Erebidae,Aganainae,,,Asota
13,Xanthodes transversa,Transverse moth,153452,Noctuoidea,Noctuidae,Bagisarinae,,,Xanthodes
14,Mocis undata,Brown-striped Semilooper,52034,Noctuoidea,Erebidae,Erebinae,Euclidiini,,Mocis
15,Pergesa acteus,Green Pergesa Hawkmoth,322014,Bombycoidea,Sphingidae,Macroglossinae,Macroglossini,Choerocampina,Pergesa
16,Hyposidra talaca,Black Looper,196588,Geometroidea,Geometridae,Ennominae,Boarmiini,,Hyposidra
17,Eudocima materna,Dot-underwing Moth,319809,Noctuoidea,Erebidae,Calpinae,Ophiderini,,Eudocima
18,Polytela gloriosae,Indian Lily Moth,205591,Noctuoidea,Noctuidae,Noctuinae,Glottulini,,Polytela
19,Diaphania indica,Cucumber Moth,51922,Pyraloidea,Crambidae,Spilomelinae,Margaroniini,,Diaphania
20,Pangora matherana,Matheran Moth,602311,Noctuoidea,Erebidae,Arctiinae,Arctiini,Spilosomina,Pangora
21,Episteme maculatrix,,464057,Noctuoidea,Noctuidae,Agaristinae,,,Episteme
22,Scopula opicata,,344288,Geometroidea,Geometridae,Sterrhinae,Scopulini,,Scopula
23,Attacus taprobanis,Sri Lankan Atlas Moth,125061,Bombycoidea,Saturniidae,Saturniinae,Attacini,,Attacus
24,Nyctemera coleta,Marbled White Moth,202268,Noctuoidea,Erebidae,Arctiinae,Arctiini,Pericopina,Nyctemera
25,Macrobrochis gigas,Giant Moth,204734,Noctuoidea,Erebidae,Arctiinae,Lithosiini,,Macrobrochis
26,Eligma narcissus,Ailanthus Defoliator,144054,Noctuoidea,Nolidae,Eligminae,,,Eligma
27,Daphnis nerii,Oleander Hawkmoth,51996,Bombycoidea,Sphingidae,Macroglossinae,Macroglossini,Macroglossina,Daphnis
28,Parapoynx stagnalis,Rice Case Bearer,203822,Pyraloidea,Crambidae,Acentropinae,,,Parapoynx
29,Eudocima homaena,Deciduous Moth,51994,Noctuoidea,Erebidae,Calpinae,Ophiderini,,Eudocima
30,Cnaphalocrocis poeyalis,Lesser Rice-leafroller,196584,Pyraloidea,Crambidae,Spilomelinae,Spilomelini,,Cnaphalocrocis
31,Bocchoris inspersalis,Dotted Sable,202668,Pyraloidea,Crambidae,Spilomelinae,Nomophilini,,Bocchoris
32,Glyphodes bicolor,,202666,Pyraloidea,Crambidae,Spilomelinae,Margaroniini,,Glyphodes
33,Spodoptera litura,Oriental leafworm moth,124875,Noctuoidea,Noctuidae,Noctuinae,Prodeniini,,Spodoptera
34,Sameodes cancellalis,Banded Pearl,52038,Pyraloidea,Crambidae,Spilomelinae,Nomophilini,,Sameodes
35,Erebus macrops,Common Owl Moth,121840,Noctuoidea,Erebidae,Erebinae,Erebini,,Erebus
36,Creatonotos transiens,,125258,Noctuoidea,Erebidae,Arctiinae,Arctiini,Spilosomina,Creatonotos
37,Aethaloessa calidalis,,121891,Pyraloidea,Crambidae,Spilomelinae,Spilomelini,,Aethaloessa
38,Thyas coronata,Yellow Underwing,121948,Noctuoidea,Erebidae,Erebinae,Ophiusini,,Thyas
39,Tetragonus catamitus,Common Butterfly Moth,121881,Calliduloidea,Callidulidae,,,,Tetragonus
40,Mocis frugalis,Sugarcane Looper,52031,Noctuoidea,Erebidae,Erebinae,Euclidiini,,Mocis
41,Pareuchaetes pseudoinsulata,Siam Weed Defoliator,604101,Noctuoidea,Erebidae,Arctiinae,Arctiini,Phaegopterina,Pareuchaetes
42,Ammatho cuneonotatus,,985646,Noctuoidea,Erebidae,Arctiinae,Lithosiini,Nudariina,Ammatho
43,Trabala vishnou,Rose Myrtle Lappet Moth,124655,Lasiocampoidea,Lasiocampidae,Lasiocampinae,Trabalini,,Trabala
44,Theretra lucasii,Lucas's Hawkmoth,1136896,Bombycoidea,Sphingidae,Macroglossinae,Macroglossini,Choerocampina,Theretra
45,Metoeca foedalis,,199205,Pyraloidea,Crambidae,Spilomelinae,,,Metoeca
46,Episteme adulatrix,Blue-spotted Forester Moth,332979,Noctuoidea,Noctuidae,Agaristinae,,,Episteme
47,Hulodes caranea,Wood Moth,153462,Noctuoidea,Erebidae,Erebinae,Hulodini,,Hulodes
48,Haritalodes derogata,Cotton Leaf Roller,203078,Pyraloidea,Crambidae,Spilomelinae,Agroterini,,Haritalodes
49,Eudocima hypermnestra,,203149,Noctuoidea,Erebidae,Calpinae,Ophiderini,,Eudocima
50,Phalacra vidhisara,,203074,Drepanoidea,Drepanidae,Drepaninae,Drepanini,,Phalacra
51,Cyana peregrina,,604841,Noctuoidea,Erebidae,Arctiinae,Lithosiini,Nudariina,Cyana
52,Agathia laetata,,210994,Geometroidea,Geometridae,Geometrinae,Agathiini,,Agathia
53,Actias selene,Indian Moon Moth,68366,Bombycoidea,Saturniidae,Saturniinae,Saturniini,,Actias
54,Glyphodes caesalis,Jack Fruit Borer,196985,Pyraloidea,Crambidae,Spilomelinae,Margaroniini,,Glyphodes
55,Theretra nessus,Yam Hawkmoth,52004,Bombycoidea,Sphingidae,Macroglossinae,Macroglossini,Choerocampina,Theretra
56,Chiasmia nora,,465487,Geometroidea,Geometridae,Ennominae,Macariini,,Chiasmia
57,Chalciope mygdon,Triangular-striped moth,203112,Noctuoidea,Erebidae,Erebinae,Poaphilini,,Chalciope
58,Lymantria ampla,,630873,Noctuoidea,Erebidae,Lymantriinae,Lymantriini,,Lymantria
59,Cyclothea disjuncta,,424572,Geometroidea,Geometridae,Geometrinae,,,Cyclothea
60,Theretra silhetensis,Brown-Banded Hunter Hawkmoth,121856,Bombycoidea,Sphingidae,Macroglossinae,Macroglossini,Choerocampina,Theretra
61,Maruca vitrata,Mung Bean Moth,122668,Pyraloidea,Crambidae,Spilomelinae,Margaroniini,,Maruca
62,Glyphodes bivitralis,,325800,Pyraloidea,Crambidae,Spilomelinae,Margaroniini,,Glyphodes
63,Ganisa postica,,512000,Bombycoidea,Eupterotidae,Eupterotinae,,,Ganisa
64,Trigonodes hyppasia,Triangles,203110,Noctuoidea,Erebidae,Erebinae,Euclidiini,,Trigonodes
65,Cnaphalocrocis medinalis,Rice Leaf-roller,52045,Pyraloidea,Crambidae,Spilomelinae,Spilomelini,,Cnaphalocrocis
66,Borbacha pardaria,,418785,Geometroidea,Geometridae,Ennominae,Baptini,,Borbacha
67,Anomis flava,Tropical Anomis,213715,Noctuoidea,Erebidae,Scoliopteryginae,Anomini,,Anomis
68,Tricyanaula aurantiaca,,952692,Gelechioidea,Gelechiidae,,,,Tricyanaula
69,Syngamia latimarginalis,,510161,Pyraloidea,Crambidae,Spilomelinae,Nomophilini,,Syngamia
70,Oraesia emarginata,Fruit piercing moth,203904,Noctuoidea,Erebidae,Calpinae,Calpini,,Oraesia
71,Nausinoe perspectata,,52001,Pyraloidea,Crambidae,Spilomelinae,,,Nausinoe
72,Ercheia cyllaria,,209608,Noctuoidea,Erebidae,Erebinae,Ercheiini,,Ercheia
73,Bastilla joviana,,199561,Noctuoidea,Erebidae,Erebinae,Poaphilini,,Bastilla
74,Anticarsia irrorata,,205115,Noctuoidea,Erebidae,Eulepidotinae,Panopodini,,Anticarsia
75,Acherontia lachesis,Greater Death's Head Hawkmoth,121837,Bombycoidea,Sphingidae,Sphinginae,Sphingini,Acherontiina,Acherontia
76,Pseudomicronia advocataria,,244142,Geometroidea,Uraniidae,Microniinae,,,Pseudomicronia
77,Parapoynx fluctuosalis,,199986,Pyraloidea,Crambidae,Acentropinae,,,Parapoynx
78,Cyclosia latipennis,Wide Winged Jewel,1137824,Zygaenoidea,Zygaenidae,Chalcosiinae,,,Cyclosia
79,Artena submira,,865409,Noctuoidea,Erebidae,Erebinae,Ophiusini,,Artena
80,Zurobata vacillans,,244882,Noctuoidea,Erebidae,Boletobiinae,Aventiini,,Zurobata
81,Striglina scitaria,,461434,Thyridoidea,Thyrididae,,,,Striglina
82,Scopula addictaria,,981191,Geometroidea,Geometridae,Sterrhinae,Scopulini,,Scopula
83,Ravanoa xiphialis,,474097,Pyraloidea,Crambidae,Spilomelinae,,,Ravanoa
84,Pygospila tyres,Chequered Snout,124872,Pyraloidea,Crambidae,Spilomelinae,Margaroniini,,Pygospila
85,Progonia oileusalis,,205728,Noctuoidea,Erebidae,Herminiinae,,,Progonia
86,Olene mendosa,Brown Tussock Moth,61995,Noctuoidea,Erebidae,Lymantriinae,Orgyiini,,Olene
87,Naxa textilis,,736045,Geometroidea,Geometridae,Desmobathrinae,,,Naxa
88,Nausinoe geometralis,,124308,Pyraloidea,Crambidae,Spilomelinae,,,Nausinoe
89,Maliattha separata,,211013,Noctuoidea,Noctuidae,Eustrotiinae,,,Maliattha
90,Ischyja marapok,,546925,Noctuoidea,Erebidae,Erebinae,,,Ischyja
91,Hyperythra lutea,,209495,Geometroidea,Geometridae,Ennominae,,,Hyperythra
92,Hydriris ornatalis,Ornate Hydriris Moth,199428,Pyraloidea,Crambidae,Spilomelinae,Hydririni,,Hydriris
93,Curoba sangarida,,367969,Noctuoidea,Erebidae,Arctiinae,Arctiini,,Curoba
94,Artena dotata,Owlet Moth,122754,Noctuoidea,Erebidae,Erebinae,Ophiusini,,Artena
95,Agathia hemithearia,,423606,Geometroidea,Geometridae,Geometrinae,Agathiini,,Agathia
96,Achaea janata,Castor Semi-looper,204042,Noctuoidea,Erebidae,Erebinae,Poaphilini,,Achaea
97,Pyrausta phoenicealis,Phoenicean Pyrausta,473599,Pyraloidea,Crambidae,Pyraustinae,Pyraustini,,Pyrausta
98,Pyralis manihotalis,Tropical Meal Moth,330478,Pyraloidea,Pyralidae,Pyralinae,Pyralini,,Pyralis
99,Petelia medardaria,,635236,Geometroidea,Geometridae,Ennominae,Caberini,,Petelia
100,Nymphicula trimacula,,1153360,Pyraloidea,Crambidae,Acentropinae,,,Nymphicula
101,Hippotion rosetta,Swinhoe's Striated Hawkmoth,51999,Bombycoidea,Sphingidae,Macroglossinae,Macroglossini,Choerocampina,Hippotion
102,Chiasmia emersaria,,203868,Geometroidea,Geometridae,Ennominae,Macariini,,Chiasmia
103,Anisephyra ocularia,,850808,Geometroidea,Geometridae,Sterrhinae,Cosymbiini,,Anisephyra
104,Xanthorhoe saturata,,423818,Geometroidea,Geometridae,Larentiinae,Xanthorhoini,,Xanthorhoe
105,Parapholodes fuliginea,,961921,Geometroidea,Geometridae,Ennominae,Boarmiini,,Parapholodes
106,Orvasca subnotata,Rosewood Defoliator,124255,Noctuoidea,Erebidae,Lymantriinae,Nygmiini,,Orvasca
107,Nacoleia charesalis,,490063,Pyraloidea,Crambidae,Spilomelinae,,,Nacoleia
108,Mangina argus,Crotalaria Podbearer,205308,Noctuoidea,Erebidae,Arctiinae,Arctiini,Callimorphina,Mangina
109,Leucania yu,,124314,Noctuoidea,Noctuidae,Noctuinae,Leucaniini,,Leucania
110,Eudocima phalonia,Common Fruit-Piercing Moth,211068,Noctuoidea,Erebidae,Calpinae,Ophiderini,,Eudocima
111,Erebus caprimulgus,,120521,Noctuoidea,Erebidae,Erebinae,Erebini,,Erebus
112,Cyana puella,,601793,Noctuoidea,Erebidae,Arctiinae,Lithosiini,Nudariina,Cyana
113,Bocana manifestalis,,364088,Noctuoidea,Erebidae,Herminiinae,,,Bocana
114,Bastilla simillima,,416653,Noctuoidea,Erebidae,Erebinae,Poaphilini,,Bastilla
115,Bastilla crameri,,415538,Noctuoidea,Erebidae,Erebinae,Poaphilini,,Bastilla
116,Asota plana,,202258,Noctuoidea,Erebidae,Aganainae,,,Asota
117,Asota canaraica,,1114895,Noctuoidea,Erebidae,Aganainae,,,Asota
118,Aporandria specularia,,145543,Geometroidea,Geometridae,Geometrinae,Hemitheini,,Aporandria
119,Traminda aventiaria,Cross-line Wave Moth,203869,Geometroidea,Geometridae,Sterrhinae,Rhodometrini,,Traminda
120,Scopula fibulata,,417722,Geometroidea,Geometridae,Sterrhinae,Scopulini,,Scopula
121,Nyctemera lacticinia,Common Nyctemera,124131,Noctuoidea,Erebidae,Arctiinae,Arctiini,Pericopina,Nyctemera
122,Miresa argentifera,,124671,Zygaenoidea,Limacodidae,Limacodinae,,,Miresa
123,Marumba dyras,dull swirled hawkmoth,202660,Bombycoidea,Sphingidae,Smerinthinae,Sichiini,,Marumba
124,Hymenia perspectalis,Spotted Beet Webworm Moth,142995,Pyraloidea,Crambidae,Spilomelinae,Hymeniini,,Hymenia
125,Eumelea rosalia,,461307,Geometroidea,Geometridae,Desmobathrinae,,,Eumelea
126,Endotricha mesenterialis,,243791,Pyraloidea,Pyralidae,Pyralinae,Endotrichini,,Endotricha
127,Egnasia ephyrodalis,,244111,Noctuoidea,Erebidae,Pangraptinae,,,Egnasia
128,Earias cupreoviridis,,203830,Noctuoidea,Nolidae,Eariadinae,,,Earias
129,Brunia antica,,126028,Noctuoidea,Erebidae,Arctiinae,Lithosiini,Lithosiina,Brunia
130,Rajendra biguttata,,482122,Noctuoidea,Erebidae,Arctiinae,Arctiini,Spilosomina,Rajendra
131,Poliobotys ablactalis,,462028,Pyraloidea,Crambidae,Spilomelinae,Margaroniini,,Poliobotys
132,Pharambara splendida,,424756,Thyridoidea,Thyrididae,,,,Pharambara
133,Omiodes diemenalis,Bean Leafroller,202113,Pyraloidea,Crambidae,Spilomelinae,Margaroniini,,Omiodes
134,Nodaria externalis,,199988,Noctuoidea,Erebidae,Herminiinae,,,Nodaria
135,Eudocima cajeta,,202765,Noctuoidea,Erebidae,Calpinae,Ophiderini,,Eudocima
136,Dysgonia stuposa,,321570,Noctuoidea,Erebidae,Erebinae,Poaphilini,,Dysgonia
137,Cyclodes omma,Nut Borer,465828,Noctuoidea,Noctuidae,Dyopsinae,,,Cyclodes
138,Comostola laesaria,,194494,Geometroidea,Geometridae,Geometrinae,Hemitheini,,Comostola
139,Biston suppressaria,tea looper,237825,Geometroidea,Geometridae,Ennominae,Bistonini,,Biston
140,Bastilla fulvotaenia,,243794,Noctuoidea,Erebidae,Erebinae,Poaphilini,,Bastilla
141,Amata cyssea,,281571,Noctuoidea,Erebidae,Arctiinae,Syntomini,,Amata
142,Sphrageidus similis,Swan Moth,362811,Noctuoidea,Erebidae,Lymantriinae,Nygmiini,,Sphrageidus
143,Scopula emissaria,,244421,Geometroidea,Geometridae,Sterrhinae,Scopulini,,Scopula
144,Patania iopasalis,,554981,Pyraloidea,Crambidae,Spilomelinae,Agroterini,,Patania
145,Omiodes indicata,Bean-leaf Webworm Moth,319482,Pyraloidea,Crambidae,Spilomelinae,Margaroniini,,Omiodes
146,Maliattha signifera,,199514,Noctuoidea,Noctuidae,Eustrotiinae,,,Maliattha
147,Leucinodes orbonalis,Eggplant Fruit and Shoot Borer,124869,Pyraloidea,Crambidae,Spilomelinae,Lineodini,,Leucinodes
148,Hippotion celerio,Vine Hawkmoth,199458,Bombycoidea,Sphingidae,Macroglossinae,Macroglossini,Choerocampina,Hippotion
149,Gesonia obeditalis,,362055,Noctuoidea,Erebidae,Boletobiinae,Phytometrini,,Gesonia
150,Filodes fulvidorsalis,,121909,Pyraloidea,Crambidae,Spilomelinae,Margaroniini,,Filodes
151,Eupanacra busiris,Green Rippled Hawkmoth,121838,Bombycoidea,Sphingidae,Macroglossinae,Macroglossini,Macroglossina,Eupanacra
152,Endocrossis flavibasalis,,343729,Pyraloidea,Crambidae,Spilomelinae,Margaroniini,,Endocrossis
153,Buzara onelia,,124245,Noctuoidea,Erebidae,Erebinae,Poaphilini,,Buzara
154,Ataboruza divisa,,204675,Noctuoidea,Erebidae,Boletobiinae,Aventiini,,Ataboruza
155,Artaxa guttata,,556271,Noctuoidea,Erebidae,Lymantriinae,Nygmiini,,Artaxa
156,Agrioglypta itysalis,,417343,Pyraloidea,Crambidae,Spilomelinae,Margaroniini,,Agrioglypta
157,Traminda mundissima,,424830,Geometroidea,Geometridae,Sterrhinae,Rhodometrini,,Traminda
158,Tatobotys biannulalis,,243789,Pyraloidea,Crambidae,Spilomelinae,Steniini,,Tatobotys
159,Sympis rufibasis,,204819,Noctuoidea,Erebidae,Erebinae,Erebini,,Sympis
160,Pseudoblabes oophora,,371800,Noctuoidea,Erebidae,Arctiinae,Lithosiini,Cisthenina,Pseudoblabes
161,Pelagodes antiquadraria,,154074,Geometroidea,Geometridae,Geometrinae,Geometrini,,Pelagodes
162,Orudiza protheclaria,,193956,Geometroidea,Uraniidae,Epipleminae,,,Orudiza
163,Olepa ricini,,370855,Noctuoidea,Erebidae,Arctiinae,Arctiini,Spilosomina,Olepa
164,Oeonistis entella,,125979,Noctuoidea,Erebidae,Arctiinae,Lithosiini,,Oeonistis
165,Idaea gemmaria,,853061,Geometroidea,Geometridae,Sterrhinae,Sterrhini,,Idaea
166,Hyblaea puera,Teak Defoliator,202649,Hyblaeoidea,Hyblaeidae,,,,Hyblaea
167,Eretmocera impactella,,347431,Gelechioidea,Scythrididae,,,,Eretmocera
168,Eressa confinis,,210962,Noctuoidea,Erebidae,Arctiinae,Syntomini,,Eressa
169,Ectropis bhurmitra,Burmese Engrailed Moth,124225,Geometroidea,Geometridae,Ennominae,Boarmiini,,Ectropis
170,Dierna patibulum,,450312,Noctuoidea,Erebidae,Calpinae,Calpini,,Dierna
171,Diduga flavicostata,,204657,Noctuoidea,Erebidae,Arctiinae,Lithosiini,,Diduga
172,Asota plaginota,,204825,Noctuoidea,Erebidae,Aganainae,,,Asota
173,Asota heliconia,,202248,Noctuoidea,Erebidae,Aganainae,,,Asota
174,Argina astrea,crotalaria pod borer,318525,Noctuoidea,Erebidae,Arctiinae,Arctiini,Callimorphina,Argina
175,Amplypterus panopus,mango hawkmoth,204801,Bombycoidea,Sphingidae,Smerinthinae,Ambulycini,,Amplypterus
176,Aloa lactinea,Red Costate Tiger Moth,244122,Noctuoidea,Erebidae,Arctiinae,Arctiini,Spilosomina,Aloa
177,Agrius convolvuli,Convolvulus Hawkmoth,124031,Bombycoidea,Sphingidae,Sphinginae,Sphingini,Acherontiina,Agrius
178,Agathodes ostentalis,,124866,Pyraloidea,Crambidae,Spilomelinae,Margaroniini,,Agathodes
179,Aetholix flavibasalis,,196582,Pyraloidea,Crambidae,Spilomelinae,Agroterini,,Aetholix
180,Trilocha varians,,193959,Bombycoidea,Bombycidae,Bombycinae,,,Trilocha
181,Theretra lycetus,White-edged Hunter Hawkmoth,498837,Bombycoidea,Sphingidae,Macroglossinae,Macroglossini,Choerocampina,Theretra
182,Talanga sexpunctalis,,204810,Pyraloidea,Crambidae,Spilomelinae,Margaroniini,,Talanga
183,Sphenarches anisodactylus,Fire-flag Plume Moth,134123,Pterophoroidea,Pterophoridae,Pterophorinae,Oxyptilini,,Sphenarches
184,Scirpophaga incertulas,Rice Yellow Stem Borer,124811,Pyraloidea,Crambidae,Schoenobiinae,,,Scirpophaga
185,Pingasa chlora,White Looper Moth,473548,Geometroidea,Geometridae,Geometrinae,Pseudoterpnini,,Pingasa
186,Perina nuda,Banyan tussock moth,196983,Noctuoidea,Erebidae,Lymantriinae,Leucomini,,Perina
187,Parasa lepida,Blue-striped Nettle Grub,202828,Zygaenoidea,Limacodidae,Limacodinae,,,Parasa
188,Paliga machoeralis,,430169,Pyraloidea,Crambidae,Pyraustinae,,,Paliga
189,Notarcha aurolinealis,,203043,Pyraloidea,Crambidae,Spilomelinae,Agroterini,,Notarcha
190,Nevrina procopia,,205161,Pyraloidea,Crambidae,Spilomelinae,,,Nevrina
191,Miresa pyronota,,1119100,Zygaenoidea,Limacodidae,Limacodinae,,,Miresa
192,Hypomecis transcissa,,124253,Geometroidea,Geometridae,Ennominae,Boarmiini,,Hypomecis
193,Hypomecis lioptilaria,,751142,Geometroidea,Geometridae,Ennominae,Boarmiini,,Hypomecis
194,Hydrillodes lentalis,,244668,Noctuoidea,Erebidae,Herminiinae,,,Hydrillodes
195,Hemithea tritonaria,,126723,Geometroidea,Geometridae,Geometrinae,Hemitheini,,Hemithea
196,Helicoverpa armigera,Cotton Bollworm Moth,83806,Noctuoidea,Noctuidae,Heliothinae,,,Helicoverpa
197,Glyphodes onychinalis,Swan plant flower moth,203102,Pyraloidea,Crambidae,Spilomelinae,Margaroniini,,Glyphodes
198,Eurrhyparodes tricoloralis,,209399,Pyraloidea,Crambidae,Spilomelinae,Herpetogrammatini,,Eurrhyparodes
199,Eterusia aedea,Red slug caterpillar,151806,Zygaenoidea,Zygaenidae,Chalcosiinae,,,Eterusia
200,Erygia spissa,,362035,Noctuoidea,Erebidae,Erebinae,Erebini,,Erygia
201,Enispa elataria,,204842,Noctuoidea,Erebidae,Boletobiinae,Aventiini,,Enispa
202,Endoclita malabaricus,,782611,Hepialoidea,Hepialidae,,,,Endoclita
203,Dyrzela plagiata,,199559,Noctuoidea,Noctuidae,Bagisarinae,,,Dyrzela
204,Dichromia sagitta,,202235,Noctuoidea,Erebidae,Hypeninae,,,Dichromia
205,Cyclidia dictyaria,,633741,Drepanoidea,Drepanidae,Cyclidiinae,,,Cyclidia
206,Conogethes punctiferalis,Yellow Peach Moth,125248,Pyraloidea,Crambidae,Spilomelinae,Margaroniini,,Conogethes
207,Chlumetia transversa,,319646,Noctuoidea,Euteliidae,Euteliinae,,,Chlumetia
208,Calliteara grotei,Grote's Tussock Moth,205293,Noctuoidea,Erebidae,Lymantriinae,Orgyiini,,Calliteara
209,Antitrygodes divisaria,,199158,Geometroidea,Geometridae,Sterrhinae,Scopulini,,Antitrygodes
210,Antheraea paphia,Tasar Silk Moth,509800,Bombycoidea,Saturniidae,Saturniinae,Saturniini,,Antheraea
211,Amerila astreus,,437824,Noctuoidea,Erebidae,Arctiinae,Amerilini,,Amerila
212,Agathia hilarata,,847604,Geometroidea,Geometridae,Geometrinae,Agathiini,,Agathia
213,Achrosis rondelaria,,965304,Geometroidea,Geometridae,Ennominae,Hypochrosini,,Achrosis
214,Acherontia styx,Eastern Death's Head hawkmoth,82830,Bombycoidea,Sphingidae,Sphinginae,Sphingini,Acherontiina,Acherontia
215,Xanthodes intersepta,,145628,Noctuoidea,Noctuidae,Bagisarinae,,,Xanthodes
216,Xanthodes albago,Cream Drab,497592,Noctuoidea,Noctuidae,Bagisarinae,,,Xanthodes
217,Utetheisa lotrix,Crotalaria moth,334603,Noctuoidea,Erebidae,Arctiinae,Arctiini,Callimorphina,Utetheisa
218,Trigonodes cephise,,537143,Noctuoidea,Erebidae,Erebinae,Euclidiini,,Trigonodes
219,Theretra oldenlandiae,White-banded Hunter Hawkmoth,125110,Bombycoidea,Sphingidae,Macroglossinae,Macroglossini,Choerocampina,Theretra
220,Terastia egialealis,,194347,Pyraloidea,Crambidae,Spilomelinae,Margaroniini,,Terastia
221,Synclera traducalis,Variegated Pearl,205111,Pyraloidea,Crambidae,Spilomelinae,Margaroniini,,Synclera
222,Symmoracma minoralis,,462108,Pyraloidea,Crambidae,Spilomelinae,Steniini,,Symmoracma
223,Scopula pulchellata,,125164,Geometroidea,Geometridae,Sterrhinae,Scopulini,,Scopula
224,Scopula annularia,,954299,Geometroidea,Geometridae,Sterrhinae,Scopulini,,Scopula
225,Sarobela litterata,,202974,Noctuoidea,Erebidae,Hypeninae,,,Sarobela
226,Psilogramma vates,,520028,Bombycoidea,Sphingidae,Sphinginae,Sphingini,,Psilogramma
227,Patissa fulvosparsa,,497992,Pyraloidea,Crambidae,Schoenobiinae,,,Patissa
228,Parotis marginata,,495522,Pyraloidea,Crambidae,Spilomelinae,Margaroniini,,Parotis
229,Parasa hilaris,,702436,Zygaenoidea,Limacodidae,Limacodinae,,,Parasa
230,Ophiusa tirhaca,Green Drab,124891,Noctuoidea,Erebidae,Erebinae,Ophiusini,,Ophiusa
231,Nygmia icilia,,868718,Noctuoidea,Erebidae,Lymantriinae,Nygmiini,,Nygmia
232,Nudaria diaphanella,,450502,Noctuoidea,Erebidae,Arctiinae,Lithosiini,Nudariina,Nudaria
233,Notarcha tigrina,,892458,Pyraloidea,Crambidae,Spilomelinae,Agroterini,,Notarcha
234,Nola lucidalis,,204667,Noctuoidea,Nolidae,Nolinae,,,Nola
235,Mecodina praecipua,,322058,Noctuoidea,Erebidae,Aganainae,,,Mecodina
236,Marumba nympha,,490174,Bombycoidea,Sphingidae,Smerinthinae,Sichiini,,Marumba
237,Maliattha lativitta,,703231,Noctuoidea,Noctuidae,Eustrotiinae,,,Maliattha
238,Lymantria marginata,,125264,Noctuoidea,Erebidae,Lymantriinae,Lymantriini,,Lymantria
239,Lygniodes vampyrus,,1258247,Noctuoidea,Erebidae,Erebinae,Erebini,,Lygniodes
240,Hypertrocta posticalis,,1260347,Noctuoidea,Erebidae,Hypeninae,,,Hypertrocta
241,Hypena obacerralis,,480246,Noctuoidea,Erebidae,Hypeninae,,,Hypena
242,Heortia vitessoides,,121879,Pyraloidea,Crambidae,Odontiinae,,,Heortia
243,Hemonia orbiferana,,145579,Noctuoidea,Erebidae,Arctiinae,Lithosiini,,Hemonia
244,Grammodes stolida,The Geometrician,116384,Noctuoidea,Erebidae,Erebinae,Poaphilini,,Grammodes
245,Glyphodes canthusalis,,193951,Pyraloidea,Crambidae,Spilomelinae,Margaroniini,,Glyphodes
246,Falana sordida,,418312,Noctuoidea,Erebidae,Erebinae,,,Falana
247,Eustrotia marginata,,335592,Noctuoidea,Noctuidae,Eustrotiinae,,,Eustrotia
248,Eublemma accedens,,125310,Noctuoidea,Erebidae,Boletobiinae,Eublemmini,,Eublemma
249,Elophila scitalis,,1120956,Pyraloidea,Crambidae,Acentropinae,,,Elophila
250,Cyclosia papilionaris,Drury's Jewel,326018,Zygaenoidea,Zygaenidae,Chalcosiinae,,,Cyclosia
251,Cricula trifenestrata,Cricula Silkmoth,510228,Bombycoidea,Saturniidae,Saturniinae,Saturniini,,Cricula
252,Chiasmia eleonora,,543233,Geometroidea,Geometridae,Ennominae,Macariini,,Chiasmia
253,Chabula acamasalis,,193954,Pyraloidea,Crambidae,Spilomelinae,,,Chabula
254,Cerynea punctilinealis,,428667,Noctuoidea,Erebidae,Boletobiinae,Eublemmini,,Cerynea
255,Calesia fuscicorpus,,1145106,Noctuoidea,Erebidae,Tinoliinae,,,Calesia
256,Bradina admixtalis,,654107,Pyraloidea,Crambidae,Spilomelinae,Steniini,,Bradina
257,Botyodes diniasalis,,428895,Pyraloidea,Crambidae,Spilomelinae,Margaroniini,,Botyodes
258,Bertula abjudicalis,,244672,Noctuoidea,Erebidae,Herminiinae,,,Bertula
259,Bastilla arcuata,,319453,Noctuoidea,Erebidae,Erebinae,Poaphilini,,Bastilla
260,Atteva fabriciella,White-spotted Tube Moth,633179,Yponomeutoidea,Attevidae,,,,Atteva
261,Angonyx krishna,,338277,Bombycoidea,Sphingidae,Macroglossinae,Macroglossini,Macroglossina,Angonyx
262,Anadevidia peponis,,349086,Noctuoidea,Noctuidae,Plusiinae,Argyrogrammatini,,Anadevidia
263,Alcis nilgirica,,918477,Geometroidea,Geometridae,Ennominae,Boarmiini,,Alcis
264,Utetheisa pulchelloides,Heliotrope Moth,125231,Noctuoidea,Erebidae,Arctiinae,Arctiini,Callimorphina,Utetheisa
265,Trischalis subaurana,,337493,Noctuoidea,Erebidae,Arctiinae,Lithosiini,Eugoa group,Trischalis
266,Thyas honesta,,333587,Noctuoidea,Erebidae,Erebinae,Ophiusini,,Thyas
267,Theretra clotho,Common Hunter Hawkmoth,338292,Bombycoidea,Sphingidae,Macroglossinae,Macroglossini,Choerocampina,Theretra
268,Synegia conflagrata,,898079,Geometroidea,Geometridae,Ennominae,Baptini,,Synegia
269,Spodoptera mauritia,Lawn Armyworm Moth,211020,Noctuoidea,Noctuidae,Noctuinae,Prodeniini,,Spodoptera
270,Scopula modesta,,1078241,Geometroidea,Geometridae,Sterrhinae,Scopulini,,Scopula
271,Scopula adeptaria,,886259,Geometroidea,Geometridae,Sterrhinae,Scopulini,,Scopula
272,Rhombophylla edentata,,915668,Geometroidea,Uraniidae,Epipleminae,,,Rhombophylla
273,Rhimphalea ochalis,,521432,Pyraloidea,Crambidae,Spilomelinae,Margaroniini,,Rhimphalea
274,Pygospila costiflexalis,,508627,Pyraloidea,Crambidae,Spilomelinae,Margaroniini,,Pygospila
275,Psilogramma increta,Plain grey hawkmoth,84253,Bombycoidea,Sphingidae,Sphinginae,Sphingini,,Psilogramma
276,Prophantis adusta,,417698,Pyraloidea,Crambidae,Spilomelinae,Trichaeini,,Prophantis
277,Progonia kurosawai,,882626,Noctuoidea,Erebidae,Herminiinae,,,Progonia
278,Pericyma cruegeri,Poinciana Looper,324331,Noctuoidea,Erebidae,Erebinae,Pericymini,,Pericyma
279,Parapoynx villidalis,,321373,Pyraloidea,Crambidae,Acentropinae,,,Parapoynx
280,Pangora erosa,,465025,Noctuoidea,Erebidae,Arctiinae,Arctiini,Spilosomina,Pangora
281,Pagyda salvalis,,539056,Pyraloidea,Crambidae,Pyraustinae,Pyraustini,,Pagyda
282,Ourapteryx marginata,,927787,Geometroidea,Geometridae,Ennominae,Ourapterygini,,Ourapteryx
283,Orgyia postica,Cocoa Tussock Moth,199438,Noctuoidea,Erebidae,Lymantriinae,Orgyiini,,Orgyia
284,Neocerura liturata,,201298,Noctuoidea,Notodontidae,Cerurinae,,,Neocerura
285,Macaldenia palumba,,348925,Noctuoidea,Erebidae,Erebinae,Poaphilini,,Macaldenia
286,Mabra eryxalis,,370854,Pyraloidea,Crambidae,Spilomelinae,,,Mabra
287,Lopharthrum comprimens,,337904,Noctuoidea,Erebidae,Boletobiinae,,,Lopharthrum
288,Loepa schintlmeisteri,Bright Golden Emperor Moth,1263269,Bombycoidea,Saturniidae,Saturniinae,Saturniini,,Loepa
289,Lamprosema tampiusalis,,318437,Pyraloidea,Crambidae,Spilomelinae,Hydririni,,Lamprosema
290,Hypomecis separata,,474103,Geometroidea,Geometridae,Ennominae,Boarmiini,,Hypomecis
291,Hypolamprus ypsilon,,490027,Thyridoidea,Thyrididae,Siculodinae,,,Hypolamprus
292,Hypochrosis hyadaria,,424770,Geometroidea,Geometridae,Ennominae,Hypochrosini,,Hypochrosis
293,Herpetogramma rudis,,539064,Pyraloidea,Crambidae,Spilomelinae,Herpetogrammatini,,Herpetogramma
294,Glycythyma chrysorycta,,209508,Pyraloidea,Crambidae,Spilomelinae,,,Glycythyma
295,Eublemma olivacea,,510227,Noctuoidea,Erebidae,Boletobiinae,Eublemmini,,Eublemma
296,Eublemma brachygonia,,1260352,Noctuoidea,Erebidae,Boletobiinae,Eublemmini,,Eublemma
297,Eublemma abrupta,,522317,Noctuoidea,Erebidae,Boletobiinae,Eublemmini,,Eublemma
298,Ericeia inangulata,Sober Tabby,243788,Noctuoidea,Erebidae,Erebinae,Hulodini,,Ericeia
299,Dysphania nelera,,776933,Geometroidea,Geometridae,Geometrinae,Dysphaniini,,Dysphania
300,Dichocrocis rigidalis,,205291,Pyraloidea,Crambidae,Spilomelinae,,,Dichocrocis
301,Diacrotricha fasciola,Starfruit Plume Moth,211098,Pterophoroidea,Pterophoridae,Pterophorinae,Pterophorini,,Diacrotricha
302,Cyclosiella dulcicula,,450460,Noctuoidea,Erebidae,Arctiinae,Lithosiini,Eugoa group,Cyclosiella
303,Cyana guttifera,,627660,Noctuoidea,Erebidae,Arctiinae,Lithosiini,Nudariina,Cyana
304,Cusiala raptaria,,887250,Geometroidea,Geometridae,Ennominae,,,Cusiala
305,Cusiala boarmoides,,627668,Geometroidea,Geometridae,Ennominae,,,Cusiala
306,Comostola pyrrhogona,,208072,Geometroidea,Geometridae,Geometrinae,Hemitheini,,Comostola
307,Cnaphalocrocis trebiusalis,,974128,Pyraloidea,Crambidae,Spilomelinae,Spilomelini,,Cnaphalocrocis
308,Cleora alienaria,,201660,Geometroidea,Geometridae,Ennominae,Boarmiini,,Cleora
309,Chrysodeixis eriosoma,Green Garden Looper,55649,Noctuoidea,Noctuidae,Plusiinae,Argyrogrammatini,,Chrysodeixis
310,Chrysocraspeda faganaria,,479989,Geometroidea,Geometridae,Sterrhinae,Cosymbiini,,Chrysocraspeda
311,Chorsia albiscripta,,204671,Noctuoidea,Noctuidae,Eustrotiinae,,,Chorsia
312,Chiasmia pluviata,,714778,Geometroidea,Geometridae,Ennominae,Macariini,,Chiasmia
313,Chiasmia normata,,657009,Geometroidea,Geometridae,Ennominae,Macariini,,Chiasmia
314,Callidrepana patrana,,124527,Drepanoidea,Drepanidae,Drepaninae,Drepanini,,Callidrepana
315,Bastilla amygdalis,,199269,Noctuoidea,Erebidae,Erebinae,Poaphilini,,Bastilla
316,Aroa plana,,1090472,Noctuoidea,Erebidae,Lymantriinae,Nygmiini,,Aroa
317,Antheua servula,,319043,Noctuoidea,Notodontidae,Phalerinae,,,Antheua
318,Amata bicincta,,322907,Noctuoidea,Erebidae,Arctiinae,Syntomini,,Amata
319,Agathia lycaenaria,,124246,Geometroidea,Geometridae,Geometrinae,Agathiini,,Agathia
320,Acosmeryx anceus,,541415,Bombycoidea,Sphingidae,Macroglossinae,Macroglossini,Macroglossina,Acosmeryx
321,Achaea serva,,244053,Noctuoidea,Erebidae,Erebinae,Poaphilini,,Achaea
322,Abraxas poliaria,,1078363,Geometroidea,Geometridae,Ennominae,Abraxini,,Abraxas
323,Yepcalphis dilectissima,,121914,Noctuoidea,Noctuidae,Noctuinae,,,Yepcalphis
324,Xyleutes strix,,338290,Cossoidea,Cossidae,Zeuzerinae,,,Xyleutes
325,Xyleutes persona,,201824,Cossoidea,Cossidae,Zeuzerinae,,,Xyleutes
326,Ulopeza idyalis,,1010152,Pyraloidea,Crambidae,Spilomelinae,Agroterini,,Ulopeza
327,Tyspanodes linealis,,211014,Pyraloidea,Crambidae,Spilomelinae,Margaroniini,,Tyspanodes
328,Trypanophora semihyalina,,202778,Zygaenoidea,Zygaenidae,Chalcosiinae,,,Trypanophora
329,Trigonodes disjuncta,,560851,Noctuoidea,Erebidae,Erebinae,Euclidiini,,Trigonodes
330,Tiracola plagiata,Cacao Armyworm,244135,Noctuoidea,Noctuidae,Noctuinae,Leucaniini,,Tiracola
331,Tinolius eburneigutta,,338238,Noctuoidea,Erebidae,Tinoliinae,,,Tinolius
332,Timandra ruptilinea,,326858,Geometroidea,Geometridae,Sterrhinae,Timandrini,,Timandra
333,Thalathoides curtalis,,861221,Noctuoidea,Noctuidae,Acronictinae,,,Thalathoides
334,Stauropus alternus,Lobster Caterpillar Moth,202022,Noctuoidea,Notodontidae,Notodontinae,Stauropini,,Stauropus
335,Spilosoma obliqua,Jute Hairy Caterpillar Moth,326321,Noctuoidea,Erebidae,Arctiinae,Arctiini,Spilosomina,Spilosoma
336,Speiredonia obscura,,347259,Noctuoidea,Erebidae,Erebinae,Hulodini,,Speiredonia
337,Somena scintillans,,701723,Noctuoidea,Erebidae,Lymantriinae,Nygmiini,,Somena
338,Somatina purpurascens,,418602,Geometroidea,Geometridae,Sterrhinae,Scopulini,,Somatina
339,Somatina omicraria,,910927,Geometroidea,Geometridae,Sterrhinae,Scopulini,,Somatina
340,Simplicia cornicalis,,243955,Noctuoidea,Erebidae,Herminiinae,,,Simplicia
341,Simplicia bimarginata,,428730,Noctuoidea,Erebidae,Herminiinae,,,Simplicia
342,Scopula butleri,,702197,Geometroidea,Geometridae,Sterrhinae,Scopulini,,Scopula
343,Rivula cognata,,840712,Noctuoidea,Erebidae,Rivulinae,,,Rivula
344,Rehimena phrynealis,,318895,Pyraloidea,Crambidae,Spilomelinae,,,Rehimena
345,Pycnarmon cribrata,,203104,Pyraloidea,Crambidae,Spilomelinae,,,Pycnarmon
346,Pycnarmon alboflavalis,,625956,Pyraloidea,Crambidae,Spilomelinae,,,Pycnarmon
347,Ptychopseustis plumbeolinealis,,337838,Pyraloidea,Crambidae,Cybalomiinae,,,Ptychopseustis
348,Ptisciana seminivea,,489091,Noctuoidea,Nolidae,,,,Ptisciana
349,Pterocyclophora pictimargo,,635461,Noctuoidea,Erebidae,Erebinae,Sypnini,,Pterocyclophora
350,Pseudocatharylla nigrociliella,,873818,Pyraloidea,Crambidae,Crambinae,Crambini,,Pseudocatharylla
351,Problepsis vulgaris,,121887,Geometroidea,Geometridae,Sterrhinae,Scopulini,,Problepsis
352,Pomasia sparsata,,1103444,Geometroidea,Geometridae,Larentiinae,Eupitheciini,,Pomasia
353,Phyllodes consobrina,,519890,Noctuoidea,Erebidae,Calpinae,Phyllodini,,Phyllodes
354,Palpita vitrealis,Jasmine Moth,336922,Pyraloidea,Crambidae,Spilomelinae,Margaroniini,,Palpita
355,Padenia transversa,,424824,Noctuoidea,Erebidae,Arctiinae,Lithosiini,Cisthenina,Padenia
356,Pachynoa xanthochyta,,800890,Pyraloidea,Crambidae,Spilomelinae,Margaroniini,,Pachynoa
357,Omiodes analis,,124868,Pyraloidea,Crambidae,Spilomelinae,Margaroniini,,Omiodes
358,Olepa ocellifera,,203894,Noctuoidea,Erebidae,Arctiinae,Arctiini,Spilosomina,Olepa
359,Noorda blitealis,,503434,Pyraloidea,Crambidae,Glaphyriinae,,,Noorda
360,Miltochrista arcuata,,985194,Noctuoidea,Erebidae,Arctiinae,Lithosiini,Nudariina,Miltochrista
361,Mecodina albodentata,,496571,Noctuoidea,Erebidae,Aganainae,,,Mecodina
362,Mecodina agrestis,,359264,Noctuoidea,Erebidae,Aganainae,,,Mecodina
363,Macroglossum gyrans,,199457,Bombycoidea,Sphingidae,Macroglossinae,Macroglossini,Macroglossina,Macroglossum
364,Lysimelia alstoni,,424799,Noctuoidea,Erebidae,Herminiinae,,,Lysimelia
365,Lophophleps purpurea,,320818,Geometroidea,Geometridae,Sterrhinae,Sterrhini,,Lophophleps
366,Lissoblemma lunuliferata,,951172,Geometroidea,Geometridae,Sterrhinae,Lissoblemmini,,Lissoblemma
367,Lebeda nobilis,,155509,Lasiocampoidea,Lasiocampidae,Lasiocampinae,Pinarini,,Lebeda
368,Labdia semicoccinea,,371511,Gelechioidea,Cosmopterigidae,Cosmopteriginae,,,Labdia
369,Ischnurges gratiosalis,,203100,Pyraloidea,Crambidae,Spilomelinae,,,Ischnurges
370,Idaea costiguttata,,126722,Geometroidea,Geometridae,Sterrhinae,Sterrhini,,Idaea
371,Idaea amplipennis,,860904,Geometroidea,Geometridae,Sterrhinae,Sterrhini,,Idaea
372,Hypena laceratalis,Lantana Defoliator,202242,Noctuoidea,Erebidae,Hypeninae,,,Hypena
373,Horisme leprosa,,635381,Geometroidea,Geometridae,Larentiinae,Eupitheciini,,Horisme
374,Hodebertia testalis,,711646,Pyraloidea,Crambidae,Spilomelinae,Margaroniini,,Hodebertia
375,Histia flabellicornis,,202782,Zygaenoidea,Zygaenidae,Chalcosiinae,,,Histia
376,Hipoepa biasalis,,495868,Noctuoidea,Erebidae,Herminiinae,,,Hipoepa
377,Herpetogramma phaeopteralis,Dusky Herpetogramma Moth,330489,Pyraloidea,Crambidae,Spilomelinae,Herpetogrammatini,,Herpetogramma
378,Herpetogramma bipunctalis,Southern Beet Webworm Moth,330488,Pyraloidea,Crambidae,Spilomelinae,Herpetogrammatini,,Herpetogramma
379,Hendecasis duplifascialis,Jasmine bud worm (moth),244564,Pyraloidea,Crambidae,Cybalomiinae,,,Hendecasis
380,Gonodontis clelia,,524135,Geometroidea,Geometridae,Ennominae,Gonodontini,,Gonodontis
381,Gabala polyspilalis,,918922,Noctuoidea,Nolidae,Chloephorinae,Ariolicini,,Gabala
382,Eupterote undata,Monkey Moth,563430,Bombycoidea,Eupterotidae,Eupterotinae,,,Eupterote
383,Eupterote fabia,,946474,Bombycoidea,Eupterotidae,Eupterotinae,,,Eupterote
384,Eupterote bifasciata,,633322,Bombycoidea,Eupterotidae,Eupterotinae,,,Eupterote
385,Eublemma roseana,,475445,Noctuoidea,Erebidae,Boletobiinae,Eublemmini,,Eublemma
386,Episothalma robustaria,,787794,Geometroidea,Geometridae,Geometrinae,Hemitheini,,Episothalma
387,Epiplema fulvilinea,,416414,Geometroidea,Uraniidae,Epipleminae,,,Epiplema
388,Entomogramma fautrix,,203053,Noctuoidea,Erebidae,Erebinae,Catocalini,,Entomogramma
389,Elophila difflualis,,416517,Pyraloidea,Crambidae,Acentropinae,,,Elophila
390,Dysphania palmyra,,203834,Geometroidea,Geometridae,Geometrinae,Dysphaniini,,Dysphania
391,Dysallacta negatalis,,539055,Pyraloidea,Crambidae,Spilomelinae,Margaroniini,,Dysallacta
392,Dysaethria quadricaudata,,461177,Geometroidea,Uraniidae,Epipleminae,,,Dysaethria
393,Dolbina manjunatha,,1126053,Bombycoidea,Sphingidae,Sphinginae,Sphingulini,,Dolbina
394,Diomea lignicolora,,906092,Noctuoidea,Erebidae,Boletobiinae,Boletobiini,,Diomea
395,Dichromia pullata,,708073,Noctuoidea,Erebidae,Hypeninae,,,Dichromia
396,Dichromia laesalis,,857051,Noctuoidea,Erebidae,Hypeninae,,,Dichromia
397,Cyana linatula,,1038765,Noctuoidea,Erebidae,Arctiinae,Lithosiini,Nudariina,Cyana
398,Cyana bhatejai,,956102,Noctuoidea,Erebidae,Arctiinae,Lithosiini,Nudariina,Cyana
399,Ctenoplusia albostriata,Eastern Streaked Plusia,202787,Noctuoidea,Noctuidae,Plusiinae,Argyrogrammatini,,Ctenoplusia
400,Creatonotos gangis,Baphomet Moth,199441,Noctuoidea,Erebidae,Arctiinae,Arctiini,Spilosomina,Creatonotos
401,Corymica deducta,,362054,Geometroidea,Geometridae,Ennominae,Hypochrosini,,Corymica
402,Comibaena cassidara,,201671,Geometroidea,Geometridae,Geometrinae,Comibaenini,,Comibaena
403,Cnaphalocrocis patnalis,,325753,Pyraloidea,Crambidae,Spilomelinae,Spilomelini,,Cnaphalocrocis
404,Cirrhochrista fumipalpis,,244055,Pyraloidea,Crambidae,Spilomelinae,Margaroniini,,Cirrhochrista
405,Cirrhochrista brizoalis,,334906,Pyraloidea,Crambidae,Spilomelinae,Margaroniini,,Cirrhochrista
406,Chrysocraspeda abhadraca,,203971,Geometroidea,Geometridae,Sterrhinae,Cosymbiini,,Chrysocraspeda
407,Chlorozancla falcatus,,855347,Geometroidea,Geometridae,Geometrinae,,,Chlorozancla
408,Chiasmia perfusaria,,447175,Geometroidea,Geometridae,Ennominae,Macariini,,Chiasmia
409,Cephonodes hylas,Pellucid Hawkmoth,121833,Bombycoidea,Sphingidae,Macroglossinae,Dilophonotini,Hemarina,Cephonodes
410,Casama vilis,,912469,Noctuoidea,Erebidae,Lymantriinae,,,Casama
411,Calonola ectrocta,,1137823,Noctuoidea,Nolidae,Nolinae,Nolini,,Calonola
412,Callopistria rivularis,,503139,Noctuoidea,Noctuidae,Eriopinae,,,Callopistria
413,Callopistria minor,,1116385,Noctuoidea,Noctuidae,Eriopinae,,,Callopistria
414,Britha biguttata,,545351,Noctuoidea,Erebidae,Hypeninae,,,Britha
415,Botyodes asialis,,203828,Pyraloidea,Crambidae,Spilomelinae,Margaroniini,,Botyodes
416,Bacotoma violata,,902107,Pyraloidea,Crambidae,Spilomelinae,,,Bacotoma
417,Avatha bubo,,355559,Noctuoidea,Erebidae,Erebinae,Cocytiini,,Avatha
418,Astygisa vexillaria,,538781,Geometroidea,Geometridae,Ennominae,Caberini,,Astygisa
419,Asota producta,,202260,Noctuoidea,Erebidae,Aganainae,,,Asota
420,Arsacia rectalis,,200148,Noctuoidea,Erebidae,,,,Arsacia
421,Arippara indicator,,460892,Pyraloidea,Pyralidae,Pyralinae,Pyralini,,Arippara
422,Argyrocosma inductaria,,344764,Geometroidea,Geometridae,Geometrinae,Comibaenini,,Argyrocosma
423,Amyna stricta,Eight-spot Moth,514851,Noctuoidea,Noctuidae,Bagisarinae,,,Amyna
424,Amblychia hymenaria,,125161,Geometroidea,Geometridae,Ennominae,Boarmiini,,Amblychia
425,Amata elongata,,1114334,Noctuoidea,Erebidae,Arctiinae,Syntomini,,Amata
426,Altha subnotata,,124668,Zygaenoidea,Limacodidae,Limacodinae,,,Altha
427,Almonia truncatalis,,1148243,Pyraloidea,Crambidae,Spilomelinae,,,Almonia
428,Aegocera venulia,Red Masked Noctuid moth,349216,Noctuoidea,Noctuidae,Agaristinae,,,Aegocera
429,Adites pseudohilaris,,802827,Noctuoidea,Erebidae,Arctiinae,Lithosiini,Nudariina,Adites
430,Actias keralana,,1124897,Bombycoidea,Saturniidae,Saturniinae,Saturniini,,Actias
431,Acropteris striataria,,919383,Geometroidea,Uraniidae,Microniinae,,,Acropteris
432,Zitha torridalis,,338550,Pyraloidea,Pyralidae,Pyralinae,Pyralini,,Zitha
433,Zitha tactilis,,1152672,Pyraloidea,Pyralidae,Pyralinae,Pyralini,,Zitha
434,Ziridava xylinaria,,205286,Geometroidea,Geometridae,Larentiinae,,,Ziridava
435,Zamarada excisa,,125222,Geometroidea,Geometridae,Ennominae,Cassymini,,Zamarada
436,Xenotrachea albidisca,,516748,Noctuoidea,Noctuidae,Noctuinae,Xylenini,,Xenotrachea
437,Volobilis chloropterella,,909376,Pyraloidea,Pyralidae,Phycitinae,Phycitini,,Volobilis
438,Vitessa suradeva,,461126,Pyraloidea,Pyralidae,Pyralinae,Pyralini,,Vitessa
439,Uresiphita gilvata,Wandering Sunset,430206,Pyraloidea,Crambidae,Pyraustinae,,,Uresiphita
440,Tonica niviferana,,371468,Gelechioidea,Oecophoridae,,,,Tonica
441,Timandra convectaria,,423926,Geometroidea,Geometridae,Sterrhinae,Timandrini,,Timandra
442,Thysanoplusia orichalcea,Slender Burnished Brass,124890,Noctuoidea,Noctuidae,Plusiinae,Argyrogrammatini,,Thysanoplusia
443,Thysanoidma octalis,,912931,Pyraloidea,Crambidae,Musotiminae,,,Thysanoidma
444,Theretra alecto,Levant Hawkmoth,319505,Bombycoidea,Sphingidae,Macroglossinae,Macroglossini,Choerocampina,Theretra
445,Tephriopis divulsa,,335497,Noctuoidea,Erebidae,Anobinae,,,Tephriopis
446,Tarsolepis rufobrunnea,,1020068,Noctuoidea,Notodontidae,Dudusinae,,,Tarsolepis
447,Targalla albiceps,,202816,Noctuoidea,Euteliidae,Euteliinae,,,Targalla
448,Tabidia aculealis,,474560,Pyraloidea,Crambidae,Spilomelinae,,,Tabidia
449,Syngamia falsidicalis,,124787,Pyraloidea,Crambidae,Spilomelinae,Nomophilini,,Syngamia
450,Symmacra solidaria,,801026,Geometroidea,Geometridae,Sterrhinae,Cyllopodini,,Symmacra
451,Syllepte sellalis,,337033,Pyraloidea,Crambidae,Spilomelinae,,,Syllepte
452,Syllepte abyssalis,,1125558,Pyraloidea,Crambidae,Spilomelinae,,,Syllepte
453,Suana concolor,,124934,Lasiocampoidea,Lasiocampidae,Lasiocampinae,Pinarini,,Suana
454,Stauropus thiaucourti,,1259413,Noctuoidea,Notodontidae,Notodontinae,Stauropini,,Stauropus
455,Stauropus fagi,Lobster moth,451846,Noctuoidea,Notodontidae,Notodontinae,Stauropini,,Stauropus
456,Spilosoma lutea,Buff Ermine,61855,Noctuoidea,Erebidae,Arctiinae,Arctiini,Spilosomina,Spilosoma
457,Sphragifera rejecta,,318791,Noctuoidea,Noctuidae,Bagisarinae,,,Sphragifera
458,Sphenarches zanclistes,,465332,Pterophoroidea,Pterophoridae,Pterophorinae,Oxyptilini,,Sphenarches
459,Speiredonia mutabilis,,347264,Noctuoidea,Erebidae,Erebinae,Hulodini,,Speiredonia
460,Spaniocentra pannosa,,787525,Geometroidea,Geometridae,Geometrinae,,,Spaniocentra
461,Sommeria insulana,,914535,Noctuoidea,Erebidae,Aganainae,,,Sommeria
462,Somatina anthophilata,,324609,Geometroidea,Geometridae,Sterrhinae,Scopulini,,Somatina
463,Serrodes partita,Catapult Moth,518637,Noctuoidea,Erebidae,Erebinae,Cocytiini,,Serrodes
464,Selepa celtis,,371206,Noctuoidea,Nolidae,Eligminae,,,Selepa
465,Secusio strigata,,567404,Noctuoidea,Erebidae,Arctiinae,Arctiini,Callimorphina,Secusio
466,Scopula deliciosaria,,1077165,Geometroidea,Geometridae,Sterrhinae,Scopulini,,Scopula
467,Savara pallidapex,,883813,Noctuoidea,Erebidae,Scoliopteryginae,Scoliopterygini,,Savara
468,Sauris malaca,,494274,Geometroidea,Geometridae,Larentiinae,Trichopterygini,,Sauris
469,Sangatissa subcurvifera,,1013531,Bombycoidea,Eupterotidae,,,,Sangatissa
470,Ruttellerona pseudocessaria,,124256,Geometroidea,Geometridae,Ennominae,Boarmiini,,Ruttellerona
471,Ruttellerona cessaria,,878525,Geometroidea,Geometridae,Ennominae,Boarmiini,,Ruttellerona
472,Rusicada combinans,,558163,Noctuoidea,Erebidae,Scoliopteryginae,Anomini,,Rusicada
473,Rosama auritracta,,244115,Noctuoidea,Notodontidae,Spataliinae,Spataliini,,Rosama
474,Risoba repugnans,,631525,Noctuoidea,Nolidae,Risobinae,,,Risoba
475,Rhombophylla rectimarginata,,873944,Geometroidea,Uraniidae,Epipleminae,,,Rhombophylla
476,Ramadasa pavo,,204809,Noctuoidea,Noctuidae,Bagisarinae,,,Ramadasa
477,Rajendra perrottetii,,855334,Noctuoidea,Erebidae,Arctiinae,Arctiini,Spilosomina,Rajendra
478,Racotis keralaria,,1239164,Geometroidea,Geometridae,Ennominae,Boarmiini,,Racotis
479,Pyralis pictalis,Painted Meal Moth,124756,Pyraloidea,Pyralidae,Pyralinae,Pyralini,,Pyralis
480,Psilalcis breta,,706603,Geometroidea,Geometridae,Ennominae,Boarmiini,,Psilalcis
481,Psilalcis bisinuata,,968933,Geometroidea,Geometridae,Ennominae,Boarmiini,,Psilalcis
482,Protuliocnemis biplagiata,,244733,Geometroidea,Geometridae,Geometrinae,Comibaenini,,Protuliocnemis
483,Polynesia sunandava,,461130,Geometroidea,Geometridae,Larentiinae,Eupitheciini,,Polynesia
484,Polydesma boarmoides,,244072,Noctuoidea,Erebidae,Erebinae,Pandesmini,,Polydesma
485,Plecoptera quaesita,,775881,Noctuoidea,Erebidae,Anobinae,,,Plecoptera
486,Platyja ciacula,,372666,Noctuoidea,Erebidae,Erebinae,,,Platyja
487,Platycerota vitticostata,,243610,Geometroidea,Geometridae,Ennominae,Baptini,,Platycerota
488,Pingasa ruginaria,,199157,Geometroidea,Geometridae,Geometrinae,Pseudoterpnini,,Pingasa
489,Pindara illibata,,340847,Noctuoidea,Erebidae,Erebinae,Poaphilini,,Pindara
490,Pilocrocis milvinalis,,480117,Pyraloidea,Crambidae,Spilomelinae,Herpetogrammatini,,Pilocrocis
491,Picrostomastis subrosealis,,417700,Thyridoidea,Thyrididae,Siculodinae,,,Picrostomastis
492,Phazaca leucocera,,470644,Geometroidea,Uraniidae,Epipleminae,,,Phazaca
493,Phalera grotei,Grote's Buff-tip,124292,Noctuoidea,Notodontidae,Phalerinae,,,Phalera
494,Petelia distracta,,712184,Geometroidea,Geometridae,Ennominae,Caberini,,Petelia
495,Perixera illepidaria,,203950,Geometroidea,Geometridae,Sterrhinae,Cosymbiini,,Perixera
496,Perixera decretarioides,,203947,Geometroidea,Geometridae,Sterrhinae,Cosymbiini,,Perixera
497,Parapoynx diminutalis,Hydrilla Leafcutter Moth,205731,Pyraloidea,Crambidae,Acentropinae,,,Parapoynx
498,Parapoynx crisonalis,,522970,Pyraloidea,Crambidae,Acentropinae,,,Parapoynx
499,Paracymoriza vagalis,,121889,Pyraloidea,Crambidae,Acentropinae,,,Paracymoriza
500,Paracymoriza olivalis,,1125181,Pyraloidea,Crambidae,Acentropinae,,,Paracymoriza
501,Pantana substrigosa,,1198097,Noctuoidea,Erebidae,Lymantriinae,Orgyiini,,Pantana
502,Palpita annulifer,,176116,Pyraloidea,Crambidae,Spilomelinae,Margaroniini,,Palpita
503,Ozola minor,,343791,Geometroidea,Geometridae,Desmobathrinae,,,Ozola
504,Oxyodes scrobiculata,Longan Semi-looper,205289,Noctuoidea,Erebidae,Erebinae,Poaphilini,,Oxyodes
505,Oxaenanus brontesalis,,703642,Noctuoidea,Erebidae,Herminiinae,,,Oxaenanus
506,Orvasca bicolor,,564339,Noctuoidea,Erebidae,Lymantriinae,Nygmiini,,Orvasca
507,Orthaga exvinacea,,708416,Pyraloidea,Pyralidae,Epipaschiinae,,,Orthaga
508,Orphanostigma abruptalis,,244883,Pyraloidea,Crambidae,Spilomelinae,Spilomelini,,Orphanostigma
509,Oreta extensa,,210963,Drepanoidea,Drepanidae,Oretinae,Oretini,,Oreta
510,Ophthalmitis caritaria,,124239,Geometroidea,Geometridae,Ennominae,Boarmiini,,Ophthalmitis
511,Omphisa repetitalis,,701957,Pyraloidea,Crambidae,Spilomelinae,Margaroniini,,Omphisa
512,Olepa clavatus,Olepa Moth,203893,Noctuoidea,Erebidae,Arctiinae,Arctiini,Spilosomina,Olepa
513,Olene dudgeoni,,632481,Noctuoidea,Erebidae,Lymantriinae,Orgyiini,,Olene
514,Oenospila flavifusata,,630910,Geometroidea,Geometridae,Geometrinae,,,Oenospila
515,Ocinara albicollis,,319474,Bombycoidea,Bombycidae,Bombycinae,,,Ocinara
516,Nygmia plana,Yellow Tussok Moth,201821,Noctuoidea,Erebidae,Lymantriinae,Nygmiini,,Nygmia
517,Nyctemera hampsoni,,974730,Noctuoidea,Erebidae,Arctiinae,Arctiini,Pericopina,Nyctemera
518,Nosophora dispilalis,,901111,Pyraloidea,Crambidae,Spilomelinae,Agroterini,,Nosophora
519,Nolasena ferrifervens,,320639,Noctuoidea,Erebidae,Hypeninae,,,Nolasena
520,Noctuelia dichroalis,,776800,Pyraloidea,Crambidae,Odontiinae,Odontiini,,Noctuelia
521,Neochera inops,,124039,Noctuoidea,Erebidae,Aganainae,,,Neochera
522,Negeta contrariata,,362713,Noctuoidea,Nolidae,Westermanniinae,,,Negeta
523,Musotima suffusalis,,321674,Pyraloidea,Crambidae,Musotiminae,,,Musotima
524,Mosara apicalis,,465435,Noctuoidea,Noctuidae,Aediinae,,,Mosara
525,Miltochrista conjunctana,,985205,Noctuoidea,Erebidae,Arctiinae,Lithosiini,Nudariina,Miltochrista
526,Microloxia indecretata,,829759,Geometroidea,Geometridae,Geometrinae,Hemitheini,,Microloxia
527,Microloxia herbaria,,467232,Geometroidea,Geometridae,Geometrinae,Hemitheini,,Microloxia
528,Metanastria hyrtaca,Hairy Caterpillar,318438,Lasiocampoidea,Lasiocampidae,Lasiocampinae,Pinarini,,Metanastria
529,Mecodina diastriga,,497028,Noctuoidea,Erebidae,Aganainae,,,Mecodina
530,Maurilia iconica,,519469,Noctuoidea,Nolidae,Chloephorinae,Careini,,Maurilia
531,Massepha absolutalis,,735826,Pyraloidea,Crambidae,Spilomelinae,,,Massepha
532,Maruca amboinalis,,509801,Pyraloidea,Crambidae,Spilomelinae,Margaroniini,,Maruca
533,Maliattha ruptifascia,,703248,Noctuoidea,Noctuidae,Eustrotiinae,,,Maliattha
534,Maguda suffusa,,324091,Noctuoidea,Erebidae,Boletobiinae,Boletobiini,,Maguda
535,Macroglossum particolor,Cinereous Hummingbird Hawkmoth,541801,Bombycoidea,Sphingidae,Macroglossinae,Macroglossini,Macroglossina,Macroglossum
536,Macroglossum neotroglodytus,Purple Dwarf Hummingbird Hawk Moth,541471,Bombycoidea,Sphingidae,Macroglossinae,Macroglossini,Macroglossina,Macroglossum
537,Macotasa orientalis,,928295,Noctuoidea,Erebidae,Arctiinae,Lithosiini,Lithosiina,Macotasa
538,Lymantria todara,,878417,Noctuoidea,Erebidae,Lymantriinae,Lymantriini,,Lymantria
539,Lymantria monacha,Black Arches,224214,Noctuoidea,Erebidae,Lymantriinae,Lymantriini,,Lymantria
540,Lymantria mathura,Rosy Lymantria,55246,Noctuoidea,Erebidae,Lymantriinae,Lymantriini,,Lymantria
541,Lymantria incerta,,602324,Noctuoidea,Erebidae,Lymantriinae,Lymantriini,,Lymantria
542,Lymantria dispar,LD Moth,47802,Noctuoidea,Erebidae,Lymantriinae,Lymantriini,,Lymantria
543,Lymantria aryama,,630874,Noctuoidea,Erebidae,Lymantriinae,Lymantriini,,Lymantria
544,Lygropia distorta,,904452,Pyraloidea,Crambidae,Spilomelinae,Agroterini,,Lygropia
545,Lophophelma luteipes,,194583,Geometroidea,Geometridae,Geometrinae,Pseudoterpnini,,Lophophelma
546,Lomographa inamata,,153199,Geometroidea,Geometridae,Ennominae,Baptini,,Lomographa
547,Loepa katinka,Golden Emperor Moth,124687,Bombycoidea,Saturniidae,Saturniinae,Saturniini,,Loepa
548,Leucophlebia lineata,,479682,Bombycoidea,Sphingidae,Smerinthinae,Smerinthini,,Leucophlebia
549,Lamprosema commixta,,125246,Pyraloidea,Crambidae,Spilomelinae,Hydririni,,Lamprosema
550,Lacera procellosa,,335020,Noctuoidea,Erebidae,Erebinae,Hulodini,,Lacera
551,Lacera noctilio,,355437,Noctuoidea,Erebidae,Erebinae,Hulodini,,Lacera
552,Ischyja manlia,Blue Striped Moth,196579,Noctuoidea,Erebidae,Erebinae,,,Ischyja
553,Imma marmarozona,,1264574,Immoidea,Immidae,,,,Imma
554,Imma mackwoodii,,1116744,Immoidea,Immidae,,,,Imma
555,Idaea violacea,,801439,Geometroidea,Geometridae,Sterrhinae,Sterrhini,,Idaea
556,Idaea micra,,888372,Geometroidea,Geometridae,Sterrhinae,Sterrhini,,Idaea
557,Hypsopygia nigrivitta,,778243,Pyraloidea,Pyralidae,Pyralinae,Pyralini,,Hypsopygia
558,Hyposidra violescens,,516923,Geometroidea,Geometridae,Ennominae,Boarmiini,,Hyposidra
559,Hyposada hydrocampata,,554644,Noctuoidea,Erebidae,Boletobiinae,Eublemmini,,Hyposada
560,Hypena sagitta,,876859,Noctuoidea,Erebidae,Hypeninae,,,Hypena
561,Hypena palparia,Mottled Snout,221969,Noctuoidea,Erebidae,Hypeninae,,,Hypena
562,Hypena lividalis,,330417,Noctuoidea,Erebidae,Hypeninae,,,Hypena
563,Hypena conscitalis,,428872,Noctuoidea,Erebidae,Hypeninae,,,Hypena
564,Homona coffearia,,371607,Tortricoidea,Tortricidae,Tortricinae,Archipini,,Homona
565,Homodes vivida,,803896,Noctuoidea,Erebidae,Boletobiinae,,,Homodes
566,Homodes crocea,,518640,Noctuoidea,Erebidae,Boletobiinae,,,Homodes
567,Hipoepa fractalis,,321988,Noctuoidea,Erebidae,Herminiinae,,,Hipoepa
568,Herpetogramma cynaralis,,208030,Pyraloidea,Crambidae,Spilomelinae,Herpetogrammatini,,Herpetogramma
569,Herpetogramma basalis,,423540,Pyraloidea,Crambidae,Spilomelinae,Herpetogrammatini,,Herpetogramma
570,Hemithea wuka,,425354,Geometroidea,Geometridae,Geometrinae,Hemitheini,,Hemithea
571,Heliothis peltigera,The Bordered Straw,347024,Noctuoidea,Noctuidae,Heliothinae,,,Heliothis
572,Helicoverpa assulta,Cape Gooseberry Budworm,368830,Noctuoidea,Noctuidae,Heliothinae,,,Helicoverpa
573,Hamodes propitia,,556417,Noctuoidea,Erebidae,Erebinae,Acantholipini,,Hamodes
574,Grammodes geometrica,,52049,Noctuoidea,Erebidae,Erebinae,Poaphilini,,Grammodes
575,Gonodontis pallida,,371635,Geometroidea,Geometridae,Ennominae,Gonodontini,,Gonodontis
576,Gastropacha pardale,,202838,Lasiocampoidea,Lasiocampidae,Lasiocampinae,Gastropachini,,Gastropacha
577,Gampola fasciata,,318852,Noctuoidea,Erebidae,Arctiinae,Lithosiini,Lithosiina,Gampola
578,Galleria mellonella,Greater Wax Moth,122940,Pyraloidea,Pyralidae,Galleriinae,Galleriini,,Galleria
579,Evomina plagiola,,1205727,Noctuoidea,Nolidae,Nolinae,,,Evonima
580,Euthrix laeta,,347898,Lasiocampoidea,Lasiocampidae,Lasiocampinae,Selenepherini,,Euthrix
581,Eupterote mollifera,,633323,Bombycoidea,Eupterotidae,Eupterotinae,,,Eupterote
582,Euproctis lunata,,1116567,Noctuoidea,Erebidae,Lymantriinae,Nygmiini,,Euproctis
583,Eumeta variegata,Paulownia Bagworm Moth,324309,Tineoidea,Psychidae,Oiketicinae,,,Eumeta
584,Eudocima cocalus,,134096,Noctuoidea,Erebidae,Calpinae,Ophiderini,,Eudocima
585,Eucyclodes picturata,,964240,Geometroidea,Geometridae,Geometrinae,Nemoriini,,Eucyclodes
586,Eublemma versicolor,,428752,Noctuoidea,Erebidae,Boletobiinae,Eublemmini,,Eublemma
587,Eublemma semirufa,,705258,Noctuoidea,Erebidae,Boletobiinae,Eublemmini,,Eublemma
588,Eublemma roseonivea,,202111,Noctuoidea,Erebidae,Boletobiinae,Eublemmini,,Eublemma
589,Eublemma dimidialis,,203140,Noctuoidea,Erebidae,Boletobiinae,Eublemmini,,Eublemma
590,Ericeia pertendens,,355443,Noctuoidea,Erebidae,Erebinae,Hulodini,,Ericeia
591,Episteme latimargo,,1250314,Noctuoidea,Noctuidae,Agaristinae,,,Episteme
592,Eois memorata,,627351,Geometroidea,Geometridae,Larentiinae,Asthenini,,Eois
593,Eois grataria,,423746,Geometroidea,Geometridae,Larentiinae,Asthenini,,Eois
594,Emmelina monodactyla,Morning-glory Plume Moth,127431,Pterophoroidea,Pterophoridae,Pterophorinae,Oidaematophorini,,Emmelina
595,Ecliptopera dissecta,,625704,Geometroidea,Geometridae,Larentiinae,,,Ecliptopera
596,Dysgonia torrida,Jigsaw,344822,Noctuoidea,Erebidae,Erebinae,Poaphilini,,Dysgonia
597,Dysgonia algira,The Passenger,199266,Noctuoidea,Erebidae,Erebinae,Poaphilini,,Dysgonia
598,Doloessa viridis,,124043,Pyraloidea,Pyralidae,Galleriinae,Tirathabini,,Doloessa
599,Dierna strigata,,705907,Noctuoidea,Erebidae,Calpinae,Calpini,,Dierna
600,Delgamma pangonia,,430152,Noctuoidea,Erebidae,Erebinae,,,Delgamma
601,Dasyboarmia delineata,,243475,Geometroidea,Geometridae,Ennominae,Boarmiini,,Dasyboarmia
602,Daphnis minima,,1134181,Bombycoidea,Sphingidae,Macroglossinae,Macroglossini,Macroglossina,Daphnis
603,Cydalima laticostalis,,124802,Pyraloidea,Crambidae,Spilomelinae,Margaroniini,,Cydalima
604,Cyclophora obstataria,,518832,Geometroidea,Geometridae,Sterrhinae,Cosymbiini,,Cyclophora
605,Cyclophora intermixtaria,,706544,Geometroidea,Geometridae,Sterrhinae,Cosymbiini,,Cyclophora
606,Cyana subornata,,803348,Noctuoidea,Erebidae,Arctiinae,Lithosiini,Nudariina,Cyana
607,Ctenoplusia tarassota,,855984,Noctuoidea,Noctuidae,Plusiinae,Argyrogrammatini,,Ctenoplusia
608,Crocidosema plebejana,Cotton Tipworm Moth,330517,Tortricoidea,Tortricidae,Olethreutinae,Eucosmini,,Crocidosema
609,Crocidolomia pavonana,Cabbage Cluster Caterpillar,124587,Pyraloidea,Crambidae,Glaphyriinae,,,Crocidolomia
610,Cricula andrei,,333592,Bombycoidea,Saturniidae,Saturniinae,Saturniini,,Cricula
611,Condica conducta,,450182,Noctuoidea,Noctuidae,Condicinae,Condicini,,Condica
612,Comostola subtiliaria,,354884,Geometroidea,Geometridae,Geometrinae,Hemitheini,,Comostola
613,Collinsa acutalis,,1104375,Thyridoidea,Thyrididae,Siculodinae,,,Collinsa
614,Coconympha iriarcha,,1147619,Gelechioidea,Gelechiidae,,,,Coconympha
615,Cleora contiguata,,632285,Geometroidea,Geometridae,Ennominae,Boarmiini,,Cleora
616,Cleora acaciaria,,704794,Geometroidea,Geometridae,Ennominae,Boarmiini,,Cleora
617,Chrioloba indicaria,,1105914,Geometroidea,Geometridae,Larentiinae,Trichopterygini,,Chrioloba
618,Choreutis ophiosema,,371621,Choreutoidea,Choreutidae,Choreutinae,,,Choreutis
619,Chlorochaeta integranota,,1103809,Geometroidea,Geometridae,Geometrinae,Comibaenini,,Comibaena
620,Chiasmia fidoniata,,700201,Geometroidea,Geometridae,Ennominae,Macariini,,Chiasmia
621,Cheromettia apicata,,510180,Zygaenoidea,Limacodidae,Limacodinae,,,Cheromettia
622,Chasmina fasciculosa,,201658,Noctuoidea,Noctuidae,Bagisarinae,,,Chasmina
623,Chalcidica mineus,,872050,Cossoidea,Cossidae,Zeuzerinae,,,Chalcidica
624,Chadisra bipars,,626760,Noctuoidea,Notodontidae,Periergosinae,,,Chadisra
625,Catoria sublavaria,,426205,Geometroidea,Geometridae,Ennominae,Boarmiini,,Catoria
626,Catephia linteola,,355452,Noctuoidea,Erebidae,Erebinae,Catephiini,,Catephia
627,Cassephyra lamprosticta,,794362,Geometroidea,Geometridae,Ennominae,,,Cassephyra
628,Carriola fenestrata,,495175,Noctuoidea,Erebidae,Lymantriinae,Arctornithini,,Carriola
629,Cania bilinea,,332412,Zygaenoidea,Limacodidae,Limacodinae,,,Cania
630,Callyna monoleuca,,630721,Noctuoidea,Noctuidae,Noctuinae,Dypterygiini,,Callyna
631,Callyna jugaria,,714858,Noctuoidea,Noctuidae,Noctuinae,Dypterygiini,,Callyna
632,Callopistria maillardi,White Tangle,387022,Noctuoidea,Noctuidae,Eriopinae,,,Callopistria
633,Calletaera subexpressa,,550212,Geometroidea,Geometridae,Ennominae,Eutoeini,,Calletaera
634,Calesia haemorrhoa,,209747,Noctuoidea,Erebidae,Tinoliinae,,,Calesia
635,Calesia dasypterus,,125465,Noctuoidea,Erebidae,Tinoliinae,,,Calesia
636,Caduca albopunctata,,367073,Noctuoidea,Erebidae,Boletobiinae,Boletobiini,,Caduca
637,Brithys crini,Lily Borer,132092,Noctuoidea,Noctuidae,Noctuinae,Glottulini,,Brithys
638,Bosara albitornalis,,199665,Geometroidea,Geometridae,Larentiinae,Eupitheciini,,Bosara
639,Bocula diffisa,,497119,Noctuoidea,Erebidae,Rivulinae,,,Bocula
640,Boarmia pallida,,920051,Geometroidea,Geometridae,Ennominae,Boarmiini,,Boarmia
641,Boarmia adamata,,847490,Geometroidea,Geometridae,Ennominae,Boarmiini,,Boarmia
642,Blasticorhinus rivulosa,,202986,Noctuoidea,Erebidae,,,,Blasticorhinus
643,Belippa horrida,,622340,Zygaenoidea,Limacodidae,Limacodinae,,,Belippa
644,Beara dichromella,,1153049,Noctuoidea,Nolidae,Chloephorinae,,,Beara
645,Beana terminigera,,701512,Noctuoidea,Nolidae,Beaninae,,,Beana
646,Batracharta obliqua,,1013304,Noctuoidea,Erebidae,,,,Batracharta
647,Banisia myrsusalis,Sapodilla Borer Moth,196987,Thyridoidea,Thyrididae,Striglininae,,,Banisia
648,Bamra mundata,,338137,Noctuoidea,Erebidae,Erebinae,,,Bamra
649,Bagada spicea,,1116861,Noctuoidea,Noctuidae,Noctuinae,,,Bagada
650,Asura metamelas,,1138759,Noctuoidea,Erebidae,Arctiinae,Lithosiini,Nudariina,Asura
651,Asura congerens,,872628,Noctuoidea,Erebidae,Arctiinae,Lithosiini,Nudariina,Asura
652,Aroa clara,,805872,Noctuoidea,Erebidae,Lymantriinae,Nygmiini,,Aroa
653,Aroa campbelli,,1259697,Noctuoidea,Erebidae,Lymantriinae,Nygmiini,,Aroa
654,Arna bipunctapex,,204736,Noctuoidea,Erebidae,Lymantriinae,Nygmiini,,Arna
655,Argyrogramma signata,,637193,Noctuoidea,Noctuidae,Plusiinae,Argyrogrammatini,,Argyrogramma
656,Arcte coerula,Ramie Moth,356216,Noctuoidea,Noctuidae,Dyopsinae,,,Arcte
657,Aplochlora vivilaca,,700785,Geometroidea,Geometridae,Ennominae,,,Aplochlora
658,Antimimistis cuprina,,574840,Geometroidea,Geometridae,Larentiinae,Eupitheciini,,Antimimistis
659,Antimimistis attenuata,,516634,Geometroidea,Geometridae,Larentiinae,Eupitheciini,,Antimimistis
660,Antheua exanthemata,,203916,Noctuoidea,Notodontidae,Phalerinae,,,Antheua
661,Anisoneura aluco,,121904,Noctuoidea,Erebidae,Erebinae,,,Anisoneura
662,Analyta apicalis,,889413,Pyraloidea,Crambidae,Spilomelinae,Margaroniini,,Analyta
663,Amyna axis,Oriental Eight-spot,538966,Noctuoidea,Noctuidae,Bagisarinae,,,Amyna
664,Altha nivea,,481163,Zygaenoidea,Limacodidae,Limacodinae,,,Altha
665,Aloa cardinalis,Red Costate Tiger Moth,701006,Noctuoidea,Erebidae,Arctiinae,Arctiini,Spilosomina,Aloa
666,Almonia cristata,,1148237,Pyraloidea,Crambidae,Spilomelinae,,,Almonia
667,Agrotis spinifera,Gregson's Dart,483573,Noctuoidea,Noctuidae,Noctuinae,Noctuini,Agrotina,Agrotis
668,Agrotera scissalis,,424545,Pyraloidea,Crambidae,Spilomelinae,Agroterini,,Agrotera
669,Aglaopus industa,,1204604,Thyridoidea,Thyrididae,,,,Aglaopus
670,Aergina fumosa,,1020070,Zygaenoidea,Limacodidae,Limacodinae,,,Aergina
671,Adoxophyes privatana,Appleleaf-curling moth,204059,Tortricoidea,Tortricidae,Tortricinae,Archipini,,Adoxophyes
672,Adisura atkinsoni,,647249,Noctuoidea,Noctuidae,Heliothinae,,,Adisura
673,Addaea trimeronalis,,1119510,Thyridoidea,Thyrididae,,,,Addaea
674,Acropteris ciniferaria,,505633,Geometroidea,Uraniidae,Microniinae,,,Acropteris
675,Acronicta morula,Ochre Dagger,205211,Noctuoidea,Noctuidae,Acronictinae,,,Acronicta
676,Acolutha pictaria,,244659,Geometroidea,Geometridae,Larentiinae,Asthenini,,Acolutha
677,Achrosis fulvifusa,,622417,Geometroidea,Geometridae,Ennominae,Hypochrosini,,Achrosis
678,Achaea mezentia,,426064,Noctuoidea,Erebidae,Erebinae,Poaphilini,,Achaea
679,Acantholipes trajecta,,635463,Noctuoidea,Erebidae,Erebinae,Acantholipini,,Acantholipes
680,Abraxas crocearia,,1078450,Geometroidea,Geometridae,Ennominae,Abraxini,,Abraxas